[
	{
		"data1":"Quia",
		"data2":"Repellat",
		"data3":"Commodi",
		"data4":"Consequuntur",
		"data5":"Perspiciatis"
	},
	{
		"data1":"Fugiat",
		"data2":"Repellendus",
		"data3":"Aperiam",
		"data4":"Blanditiis",
		"data5":"Alias"
	},
	{
		"data1":"Eum",
		"data2":"Cumque",
		"data3":"Rem",
		"data4":"Praesentium",
		"data5":"Possimus"
	},
	{
		"data1":"Deleniti",
		"data2":"Ab",
		"data3":"Sequi",
		"data4":"Atque",
		"data5":"Mollitia"
	},
	{
		"data1":"Consectetur",
		"data2":"Quae",
		"data3":"Ipsa",
		"data4":"Autem",
		"data5":"Eos"
	},
	{
		"data1":"Suscipit",
		"data2":"Excepturi",
		"data3":"Quisquam",
		"data4":"Explicabo",
		"data5":"Rerum"
	},
	{
		"data1":"Iste",
		"data2":"Repudiandae",
		"data3":"Facilis",
		"data4":"Doloribus",
		"data5":"Magnam"
	},
	{
		"data1":"Minus",
		"data2":"Quidem",
		"data3":"Iure",
		"data4":"Unde",
		"data5":"Reprehenderit"
	},
	{
		"data1":"Atque",
		"data2":"Laudantium",
		"data3":"Natus",
		"data4":"Reprehenderit",
		"data5":"Autem"
	},
	{
		"data1":"Incidunt",
		"data2":"Consequatur",
		"data3":"Ducimus",
		"data4":"Porro",
		"data5":"Aut"
	}
]