[
    {
        "text": "Lorem",
        "children": [
            {
                "text": "Lorem",
                "state": "closed",
                "children": [
                    {
                        "text": "Lorem"
                    },
                    {
                        "text": "Facere"
                    },
                    {
                        "text": "Iure"
                    },
                    {
                        "text": "Exercitationem"
                    },
                    {
                        "text": "Explicabo"
                    }
                ]
            },
            {
                "text": "Facere"
            },
            {
                "text": "Iure"
            },
            {
                "text": "Exercitationem"
            },
            {
                "text": "Explicabo"
            }
        ]
    },
    {
        "text": "Illum",
        "state": "closed",
        "children": [
            {
                "text": "Lorem"
            },
            {
                "text": "Voluptates"
            },
            {
                "text": "Ad"
            },
            {
                "text": "Hic"
            },
            {
                "text": "Mollitia"
            }
        ]
    },
    {
        "text": "Nemo",
        "state": "closed",
        "children": [
            {
                "text": "Lorem"
            },
            {
                "text": "Rerum"
            },
            {
                "text": "Tenetur"
            },
            {
                "text": "Sed"
            },
            {
                "text": "Ipsam"
            }
        ]
    },
    {
        "text": "Cupiditate",
        "state": "closed",
        "children": [
            {
                "text": "Lorem"
            },
            {
                "text": "Tempore"
            },
            {
                "text": "Exercitationem"
            },
            {
                "text": "Dolor"
            },
            {
                "text": "Delectus"
            }
        ]
    },
    {
        "text": "Impedit",
        "state": "closed",
        "children": [
            {
                "text": "Lorem"
            },
            {
                "text": "Odio"
            },
            {
                "text": "Quod"
            },
            {
                "text": "Deserunt"
            },
            {
                "text": "Quisquam"
            }
        ]
    },
    {
        "text": "Lorem"
    },
    {
        "text": "Facere"
    },
    {
        "text": "Iure"
    },
    {
        "text": "Exercitationem"
    },
    {
        "text": "Explicabo"
    }
]